INSERT INTO
    MovieGenre (MovieId, GenreId)
VALUES
    (1, 1),
    (1, 2),
    (2, 3),
    (2, 4),
    (2, 5),
    (3, 6),
    (3, 7),
    (4, 8),
    (4, 9),
    (4, 10),
    (5, 11),
    (5, 12),
    (5, 13),
    (6, 14),
    (6, 15),
    (6, 16),
    (7, 17),
    (7, 18),
    (7, 19),
    (8, 20),
    (8, 21),
    (8, 22),
    (9, 23),
    (9, 24),
    (10, 25),
    (11, 26),
    (11, 27),
    (11, 28),
    (11, 29),
    (12, 30),
    (13, 31),
    (14, 3),
    (15, 1),
    (15, 2),
    (15, 3),
    (15, 4),
    (15, 5),
    (16, 6),
    (16, 7),
    (16, 8),
    (16, 9),
    (16, 10),
    (17, 11),
    (17, 12),
    (18, 13),
    (18, 14),
    (19, 15),
    (19, 16),
    (19, 17);

SET
    IDENTITY_INSERT CastMovie ON;

INSERT INTO
    CastMovie (Id, MovieId, ActorId)
VALUES
    (1, 5, 1),
    (2, 5, 2),
    (3, 5, 3),
    (4, 13, 4),
    (5, 13, 5),
    (6, 13, 6),
    (7, 14, 7),
    (8, 14, 8),
    (9, 1, 11),
    (10, 1, 12),
    (11, 1, 13),
    (12, 2, 14),
    (13, 2, 15),
    (14, 2, 16),
    (15, 3, 17),
    (16, 3, 18),
    (17, 3, 19),
    (18, 4, 20),
    (19, 4, 21),
    (20, 4, 22),
    (21, 6, 23),
    (22, 6, 24),
    (23, 6, 25),
    (24, 8, 26),
    (25, 8, 27),
    (26, 8, 28),
    (27, 9, 29),
    (28, 9, 30),
    (29, 9, 31),
    (30, 10, 32),
    (31, 10, 33),
    (32, 10, 34),
    (33, 15, 35),
    (34, 15, 36),
    (35, 15, 37),
    (36, 16, 38),
    (37, 16, 39),
    (38, 16, 40),
    (39, 5, 4),
    (40, 5, 5),
    (41, 5, 6),
    (42, 5, 7),
    (43, 1, 1),
    (44, 2, 1),
    (45, 3, 1),
    (46, 4, 1),
    (47, 6, 1),
    (48, 7, 1);

SET
    IDENTITY_INSERT CastMovie OFF;

SET
    IDENTITY_INSERT CrewMovie ON;

INSERT INTO
    CrewMovie (Id, MovieId, CrewId)
VALUES
    (1, 1, 1),
    (2, 1, 3),
    (3, 1, 5),
    (4, 1, 11),
    (5, 1, 6),
    (6, 1, 7),
    (7, 1, 8),
    (8, 2, 2),
    (9, 2, 4),
    (10, 2, 6),
    (11, 2, 12),
    (12, 2, 9),
    (13, 2, 13),
    (14, 2, 1),
    (15, 3, 7),
    (16, 3, 8),
    (17, 3, 9),
    (18, 3, 13),
    (19, 3, 10),
    (20, 3, 4),
    (21, 3, 2),
    (22, 4, 10),
    (23, 4, 1),
    (24, 4, 3),
    (25, 4, 14),
    (26, 4, 9),
    (27, 4, 8),
    (28, 4, 7),
    (29, 5, 2),
    (30, 5, 4),
    (31, 5, 6),
    (32, 5, 15),
    (33, 5, 1),
    (34, 5, 3),
    (35, 5, 9),
    (36, 6, 7),
    (37, 6, 8),
    (38, 6, 9),
    (39, 6, 16),
    (40, 6, 2),
    (41, 6, 1),
    (42, 6, 13),
    (43, 7, 10),
    (44, 7, 1),
    (45, 7, 3),
    (46, 7, 17),
    (47, 7, 2),
    (48, 7, 9),
    (49, 7, 8),
    (50, 8, 2),
    (51, 8, 4),
    (52, 8, 6),
    (53, 8, 18),
    (54, 8, 1),
    (55, 8, 9),
    (56, 8, 7),
    (57, 9, 7),
    (58, 9, 8),
    (59, 9, 9),
    (60, 9, 19),
    (61, 9, 2),
    (62, 9, 1),
    (63, 9, 4),
    (64, 10, 10),
    (65, 10, 1),
    (66, 10, 3),
    (67, 10, 20),
    (68, 10, 8),
    (69, 10, 2),
    (70, 10, 7);

SET
    IDENTITY_INSERT CrewMovie OFF;